villcode,經度,緯度
66000290001,120.881319655093000,24.171320742713500
66000290001,120.887887972092000,24.169880972945400
66000290007,121.259917306915000,24.256278132467000
