villcode,經度,緯度
10016020021,119.67928,23.56942
10016020020,119.66492,23.56098
10016010030,119.57554,23.50814
09020030005,118.37584,24.45504
09020040001,118.29605,24.47678
09020050004,118.24546,24.42063
09020010005,118.32319,24.39073
09020010007,118.33794,24.40784
09020020004,118.42215,24.47328
