villcode,經度,緯度
10016040002,119.52455,23.64011
10016040005,119.51012,23.62045
10016030002,119.60332,23.63135
09020030005,118.38610,24.45753
09020030005,118.36809,24.44969
09020030002,118.41888,24.45387
09020040001,118.30798,24.47478
09020040001,118.30807,24.47549
