villcode,經度,緯度
10016030010,119.56576,23.66369
10016030010,119.56854,23.66914
09020040001,118.29820,24.46480
